,Unnamed: 0,Unnamed: 0.1,Unnamed: 0.1.1,Unnamed: 0.1.1.1,Unnamed: 0.1.1.1.1,Unnamed: 0.1.1.1.1.1,Unnamed: 0.1.1.1.1.1.1,Unnamed: 0.1.1.1.1.1.1.1,Unnamed: 0.1.1.1.1.1.1.1.1,Unnamed: 0.1.1.1.1.1.1.1.1.1,event_ID,event_CLEANED,elo_rating,seen,instability,Health,Financial,Relationship,Bereavement,Work,Crime,Daily,Major
0,0,0,0,0,0,0,0,0,0,0,1,That I get allowed to retake my first year at university due to having lots of personal issues happen,1141,1,0,0,0,0,0,0,0,0,0
1,1,1,1,1,1,1,1,1,1,2,3,I had made a request to work for different working arrangement's and it was denied and I thought it would be accepted and thus now I am trying to look for a new job and not happy in my role. ,957,0,0,0,0,0,0,0,0,0,0
2,2,2,2,2,2,2,2,2,2,3,4,My partner cheated on me,905,0,0,0,0,0,0,0,0,0,0
3,3,3,3,3,3,3,3,3,3,5,6,I missed a flight and had to pay extra to hire a car.,972,0,0,0,0,0,0,0,0,0,0
4,4,4,4,4,4,4,4,4,4,6,7,I have been trying to get into a new routine but I slept in and was almost late for work ,975,0,0,0,0,0,0,0,0,0,0
5,5,5,5,5,5,5,5,5,5,7,8,I have been trying to find a job for a long time so that I may bring my wife over from another country as there are a lot of requirements to do so and I finally have been able to obtain a job which can do that.,1125,0,0,0,0,0,0,0,0,0,0
6,6,6,6,6,6,6,6,6,6,9,10,"Wife trying to endlessly get through registration process with GMC, they keep asking difficult questions because my wife can register and work in nhs as a doctor. Problem is, everytime she responds it takes nearly 2 weeks for a response, to get another vague question.",940,0,0,0,0,0,0,0,0,0,0
7,7,7,7,7,7,7,7,7,7,10,11,It was my girlfriend's masters degree graduation and I am feeling very proud and elated for her.,1141,1,0,0,0,0,0,0,0,0,0
8,8,8,8,8,8,8,8,8,8,11,12,Car crash,926,1,0,0,0,0,0,0,0,0,0
9,9,9,9,9,9,9,9,9,9,12,13,Lost a lot of hours at work,912,0,0,0,0,0,0,0,0,0,0
10,10,10,10,10,10,10,10,10,10,13,14,"My partner and I are currently preparing for a day at the beach, and my mum has just given me a gift of money towards my wedding so that just feels like everything is working out for me today. ",1074,1,0,0,0,0,0,0,0,0,0
11,11,11,11,11,11,11,11,11,11,14,15,Doctor's appointment and understanding what is going on,932,0,0,0,0,0,0,0,0,0,0
12,12,12,12,12,12,12,12,12,12,15,16,"I made a mistake at work, and now I feel like I am being held back which is making me feel trapped.",887,0,0,0,0,0,0,0,0,0,0
13,13,13,13,13,13,13,13,13,13,16,17,A girl I was seeing and actually liked said she didn't want to see me any longer. ,972,1,0,0,0,0,0,0,0,0,0
14,14,14,14,14,14,14,14,14,14,17,18,Under-performance for a client at work,904,1,0,0,0,0,0,0,0,0,0
15,15,15,15,15,15,15,15,15,15,18,19,I celebrated my birthday which i really enjoyed. ,1110,1,0,0,0,0,0,0,0,0,0
16,16,16,16,16,16,16,16,16,16,19,20,A falling out with one of my best friends,928,1,0,0,0,0,0,0,0,0,0
17,17,17,17,17,17,17,17,17,17,21,22,I thought that I had a guaranteed summer job but it turns out that the hiring process is more complicated than I thought so now I may have to wait even longer to start or I may not even have this job at all. ,917,0,0,0,0,0,0,0,0,0,0
18,18,18,18,18,18,18,18,18,18,22,23,birth of our fourth child two weeks ago,1125,0,0,0,0,0,0,0,0,0,0
19,19,19,19,19,19,19,19,19,19,23,24,"My best mate broke up with his long-term girlfriend, and it's affected me a lot more than I thought it would. ",932,0,0,0,0,0,0,0,0,0,0
20,20,20,20,20,20,20,20,20,20,24,25,I heard from someone that I haven't heard from for a long time and it made me very happy that they reached out ,1087,0,0,0,0,0,0,0,0,0,0
21,21,21,21,21,21,21,21,21,21,25,26,I finally paid for my wedding registration and was happy that i didnt need to worry about anything else,1055,0,0,0,0,0,0,0,0,0,0
22,22,22,22,22,22,22,22,22,22,26,27,My best friend is currently in hospital undergoing tests to find out if she has appendicitis,977,0,0,0,0,0,0,0,0,0,0
23,23,23,23,23,23,23,23,23,23,27,28,my dog had major surgery,907,2,0,0,0,0,0,0,0,0,0
24,24,24,24,24,24,24,24,24,24,28,29,My house is currently on the market and I had a discussion with the agent about reducing the price as it hasn't yet sold,962,0,0,0,0,0,0,0,0,0,0
25,25,25,25,25,25,25,25,25,25,30,31,I severely hurt my ankle,902,0,0,0,0,0,0,0,0,0,0
26,26,26,26,26,26,26,26,26,26,31,32,"So it’s not something happening today, but I do a work based degree and I have a maths exam coming up next Monday so I’m trying to revise",982,1,0,0,0,0,0,0,0,0,0
27,27,27,27,27,27,27,27,27,27,32,33,I found out i didn't get a promotion I was hoping for.,947,0,0,0,0,0,0,0,0,0,0
28,28,28,28,28,28,28,28,28,28,33,34,I was on a holiday in France.,1050,0,0,0,0,0,0,0,0,0,0
29,29,29,29,29,29,29,29,29,29,34,35,A conversation with my partner in which we expressed issues communicating due to ongoing pressures in each of our workplaces.,922,0,0,0,0,0,0,0,0,0,0
30,30,30,30,30,30,30,30,30,30,35,36,Family tension,922,0,0,0,0,0,0,0,0,0,0
31,31,31,31,31,31,31,31,31,31,36,37,An appointment with the dentist,940,1,0,0,0,0,0,0,0,0,0
32,32,32,32,32,32,32,32,32,32,37,38,Had a really nice conversation with a friend where I felt very close to them and mutually affectionate,1125,0,0,0,0,0,0,0,0,0,0
33,33,33,33,33,33,33,33,33,33,39,40,break up with my partner,861,1,0,0,0,0,0,0,0,0,0
34,34,34,34,34,34,34,34,34,34,40,41,"Me, my baby and my mother all caught a flu and are taking a long time to recover",987,1,0,0,0,0,0,0,0,0,0
35,35,35,35,35,35,35,35,35,35,41,42,I got my mortgage approved and bought a flat in my area,1074,1,0,0,0,0,0,0,0,0,0
36,36,36,36,36,36,36,36,36,36,42,43,"I have been waiting on this job to be posted so I can apply and then apply to uni, only to find out the manager will go on holiday for 1 week.",975,0,0,0,0,0,0,0,0,0,0
37,37,37,37,37,37,37,37,37,37,43,44,I was sexually assaulted by an unknown man at a night club when I was dancing with my friends. ,884,2,0,0,0,0,0,0,0,0,0
38,38,38,38,38,38,38,38,38,38,44,45,The fact that my ex partner basically told me I had to start paying my way for things and everything despite hardly seeing the kids,930,0,0,0,0,0,0,0,0,0,0
39,39,39,39,39,39,39,39,39,39,45,46,Verbal Abuse,950,0,0,0,0,0,0,0,0,0,0
40,40,40,40,40,40,40,40,40,40,46,47,"I quit my job with 1 week notice, and interviewed for a job on a totally new career path, which I was successful at. It has made me feel very restless recently and today.",1036,2,0,0,0,0,0,0,0,0,0
41,41,41,41,41,41,41,41,41,41,47,48,"I have an exam which is making me anxious and I've had exams all week long. Alongside that, my partner and I got into an argument a couple of days ago that is still affecting my mood now.",950,0,0,0,0,0,0,0,0,0,0
42,42,42,42,42,42,42,42,42,42,48,49,not getting results on a body contouring experience and seem to be the only one it doesn't work for,912,1,0,0,0,0,0,0,0,0,0
43,43,43,43,43,43,43,43,43,43,49,50,I recently completed an AWS certification that I have been putting off for over a year now and I passed. I'm overjoyed and buzzing with so much energy. I am also optimistic about the other professional courses I have for the year. ,1070,0,0,0,0,0,0,0,0,0,0
44,44,44,44,44,44,44,44,44,44,50,51,My neighbour has woken me up with drilling at 8am,962,0,0,0,0,0,0,0,0,0,0
45,45,45,45,45,45,45,45,45,45,51,52,The bitcoin little pump.,1125,0,0,0,0,0,0,0,0,0,0
46,46,46,46,46,46,46,46,46,46,52,53,im cool at the moment,1032,0,0,0,0,0,0,0,0,0,0
47,47,47,47,47,47,47,47,47,47,53,54,I was on a course retraining for another career when we were suddenly told we were being placed on hold for 6 months after spending over a year on the programme already. It was a big shock,917,2,0,0,0,0,0,0,0,0,0
48,48,48,48,48,48,48,48,48,48,54,55,I applied for a job a week ago and I was told I would start the work today.,1109,1,0,0,0,0,0,0,0,0,0
49,49,49,49,49,49,49,49,49,49,55,56,Dog has taken ill and we may have to put her down,975,0,0,0,0,0,0,0,0,0,0
50,50,50,50,50,50,50,50,50,50,56,57,"My Step-dad drowned a few months ago, leaving my family in pieces.",875,0,0,0,0,0,0,0,0,0,0
51,51,51,51,51,51,51,51,51,51,59,60,This weather - we have scaffolding up and are waiting for the roof to be fixed. it's been delayed for the second time now. It's pissing me off.,935,0,0,0,0,0,0,0,0,0,0
52,52,52,52,52,52,52,52,52,52,60,61,Our house extension was suppose to be finished however it wasn't and it has pushed us back.,920,0,0,0,0,0,0,0,0,0,0
53,53,53,53,53,53,53,53,53,53,61,62,The water pipes are blocked and sewage is coming up in the kitchen sink.,927,0,0,0,0,0,0,0,0,0,0
54,54,54,54,54,54,54,54,54,54,62,63,I had a remortgage meeting on Friday and I'm getting a call back today about it and it's making me very anxious,943,1,0,0,0,0,0,0,0,0,0
55,55,55,55,55,55,55,55,55,55,63,64,"my best friend visited me yesterday, i was so glad to see her after how many years",1099,2,0,0,0,0,0,0,0,0,0
56,56,56,56,56,56,56,56,56,56,64,65,I got a new gaming system for my Girlfriend  ,1050,0,0,0,0,0,0,0,0,0,0
57,57,57,57,57,57,57,57,57,57,66,67,I began the process of reporting the mistreatment of my grandad and began fully advocating for him,950,0,0,0,0,0,0,0,0,0,0
58,58,58,58,58,58,58,58,58,58,67,68,It was the anniversary of my father passing away ,875,0,0,0,0,0,0,0,0,0,0
59,59,59,59,59,59,59,59,59,59,68,69,I missed my interview today,912,0,0,0,0,0,0,0,0,0,0
60,60,60,60,60,60,60,60,60,60,69,70,money problems,886,1,0,0,0,0,0,0,0,0,0
61,61,61,61,61,61,61,61,61,61,70,71,I have rebound congestion from using too much nose spray and it is quite uncomfortable for me,950,0,0,0,0,0,0,0,0,0,0
62,62,62,62,62,62,62,62,62,62,72,73,I woke up this morning around 7am with the worst pain and thought I would have to go to the emergency room,955,1,0,0,0,0,0,0,0,0,0
63,63,63,63,63,63,63,63,63,63,77,78,Relationship ended,922,1,0,0,0,0,0,0,0,0,0
64,64,64,64,64,64,64,64,64,64,78,79,"I have multiple chronic conditions that mean I sometimes need to go to hospital for IV fluids. I had met the threshold to go in so went via the GP and ended up at an acute section of the hospital stayed there for 8 hours to be denied care as I wasn't acutely ill, even though the GP and others thought I needed fluids and anti-emetics via an IV. ",875,0,0,0,0,0,0,0,0,0,0
65,65,65,65,65,65,65,65,65,65,80,81,new regulations regarding UK visa - worrying about my future,875,0,0,0,0,0,0,0,0,0,0
66,66,66,66,66,66,66,66,66,66,81,82,lost my AirPods,957,1,0,0,0,0,0,0,0,0,0
67,67,67,67,67,67,67,67,67,67,82,83,My stationary car was parked up and involved in a hit and run incident,875,0,0,0,0,0,0,0,0,0,0
68,68,68,68,68,68,68,68,68,68,83,84,developing tension headaches ,925,0,0,0,0,0,0,0,0,0,0
69,69,69,69,69,69,69,69,69,69,84,85,Job loss after two years there alongside other causes of financial strain ,915,0,0,0,0,0,0,0,0,0,0
70,70,70,70,70,70,70,70,70,70,85,86,ended relationship,917,0,0,0,0,0,0,0,0,0,0
71,71,71,71,71,71,71,71,71,71,86,87,Just had a driving lesson that went better than expected,1066,1,0,0,0,0,0,0,0,0,0
72,72,72,72,72,72,72,72,72,72,87,88,Loss of family member,884,1,0,0,0,0,0,0,0,0,0
73,73,73,73,73,73,73,73,73,73,88,89,having a 5 month old and adjusting to life with a baby,1037,0,0,0,0,0,0,0,0,0,0
74,74,74,74,74,74,74,74,74,74,90,91,Finished my Exams,1092,0,0,0,0,0,0,0,0,0,0
75,75,75,75,75,75,75,75,75,75,91,92,I had an offer accepted on my first home,1068,1,0,0,0,0,0,0,0,0,0
76,76,76,76,76,76,76,76,76,76,92,93,"I was told i would have to take a trip for work, which includes traveling across the world on my own, something that i get very anxious about",897,0,0,0,0,0,0,0,0,0,0
77,77,77,77,77,77,77,77,77,77,93,94,I realised I am quite alone ,940,1,0,0,0,0,0,0,0,0,0
78,78,78,78,78,78,78,78,78,78,94,95,Nearly crashed my car,1058,1,0,0,0,0,0,0,0,0,0
79,79,79,79,79,79,79,79,79,79,95,96,I got accepted for a credit card to help rebuild my credit score.,1141,1,0,0,0,0,0,0,0,0,0
80,80,80,80,80,80,80,80,80,80,96,97,2 family members suddenly passed away very close to each other,875,0,0,0,0,0,0,0,0,0,0
81,81,81,81,81,81,81,81,81,81,97,98,I felt bad before now because i was unable to pick any other Prolific studies today.,1141,1,0,0,0,0,0,0,0,0,0
82,82,82,82,82,82,82,82,82,82,98,99,My cat was put down after a series of illnesses - caring for him was stressful but I feel so guilty that he had to be put down,877,0,0,0,0,0,0,0,0,0,0
83,83,83,83,83,83,83,83,83,83,101,102,"lots of things; relationship issues, debt, upcoming assignments, letting parents down, money",922,0,0,0,0,0,0,0,0,0,0
84,84,84,84,84,84,84,84,84,84,102,103,I lost a friend.,875,0,0,0,0,0,0,0,0,0,0
85,85,85,85,85,85,85,85,85,85,103,104,I have a very stressful hospital appointment that's due to take place tomorrow afternoon and my anxiety about this appointment is steadily rising as I don't know what the outcome is going to be.,973,1,0,0,0,0,0,0,0,0,0
86,86,86,86,86,86,86,86,86,86,104,105,Several job rejections that I had pinned my hopes on for a very long time. But I do my best and I keep going,859,2,0,0,0,0,0,0,0,0,0
87,87,87,87,87,87,87,87,87,87,105,106,"I work in a supermarket and I tipped a pallet over with a lot of tins and sauces on, which caused a large spillage. It wasn't an overly negative experience, and my colleagues really made me feel at ease after it happened, but since I've felt a bit on edge regarding my work.",1027,0,0,0,0,0,0,0,0,0,0
88,88,88,88,88,88,88,88,88,88,106,107,My dog was briefly ill and then died,935,0,0,0,0,0,0,0,0,0,0
89,89,89,89,89,89,89,89,89,89,107,108,I got a new laptop from my brother.,1122,0,0,0,0,0,0,0,0,0,0
90,90,90,90,90,90,90,90,90,90,108,109,The task of submitting my journals to my supervisor and the fact that I cant graduate if I don't meet up with the time frame which is close,892,0,0,0,0,0,0,0,0,0,0
91,91,91,91,91,91,91,91,91,91,111,112,"I was playing a game called 'Kingdom Hearts 3' whilst my best friend watched. As I was doing a fight, it had a section where other players of the game come to help you, and it reminded me of another game that I love too which had something similar. It gave me a sense of familiarity and made me feel warm.",1019,1,0,0,0,0,0,0,0,0,0
92,92,92,92,92,92,92,92,92,92,112,113,Searching for a job ,947,0,0,0,0,0,0,0,0,0,0
93,93,93,93,93,93,93,93,93,93,113,114,I had to leave my flat to return to my parents because of a health issue,883,2,0,0,0,0,0,0,0,0,0
94,94,94,94,94,94,94,94,94,94,114,115,I have had a disagreement with my manager at work regarding how I process information and react to situations,910,0,0,0,0,0,0,0,0,0,0
95,95,95,95,95,95,95,95,95,95,115,116,I have had a social media account compromised and disabled leading me to lose over 15 years of data.,967,1,0,0,0,0,0,0,0,0,0
96,96,96,96,96,96,96,96,96,96,117,118,Outcome of a bullying complaint I submitted at work against another.,912,0,0,0,0,0,0,0,0,0,0
97,97,97,97,97,97,97,97,97,97,118,119,"Just had a nice conversation with my mother, had a cold glass of water and watching a show and feeling more productive. Overall nice, non-isolated morning.",1045,0,0,0,0,0,0,0,0,0,0
98,98,98,98,98,98,98,98,98,98,120,121,"Trying to get an issue sorted through the doctors, had a test and waiting for a callback to understand the results and next steps.",920,0,0,0,0,0,0,0,0,0,0
99,99,99,99,99,99,99,99,99,99,122,123,Family member with dementia is now on end of life care,942,0,0,0,0,0,0,0,0,0,0
100,100,100,100,100,100,100,100,100,100,123,124,My dissertation is almost due for my university degree and I still have a lot of reading and writing to do before it is finished. ,978,1,0,0,0,0,0,0,0,0,0
101,101,101,101,101,101,101,101,101,101,124,125,I had an argument with a close friend about my habits and I felt like my opinions were not considered.,972,0,0,0,0,0,0,0,0,0,0
102,102,102,102,102,102,102,102,102,102,125,126,"I have been looking after a dog, and the dog had to go to emergency vet yesterday",891,1,0,0,0,0,0,0,0,0,0
103,103,103,103,103,103,103,103,103,103,126,127,Death of my grandmother,947,0,0,0,0,0,0,0,0,0,0
104,104,104,104,104,104,104,104,104,104,128,129,"I had a university exam yesterday, which decides whether or not I can continue at university as I'm on leave. ",910,0,0,0,0,0,0,0,0,0,0
105,105,105,105,105,105,105,105,105,105,129,130,Having to pay rent and asking for an extended deadline for it as I am currently struggling financially,927,0,0,0,0,0,0,0,0,0,0
106,106,106,106,106,106,106,106,106,106,130,131,Currently house hunting and have been told that we are unable to purchase the house we have been looking at,976,1,0,0,0,0,0,0,0,0,0
107,107,107,107,107,107,107,107,107,107,131,132,My son being in nursery and having a seizure ,990,0,0,0,0,0,0,0,0,0,0
108,108,108,108,108,108,108,108,108,108,133,134,i have several deadlines for university and have been having communication issues with my partner,952,0,0,0,0,0,0,0,0,0,0
109,109,109,109,109,109,109,109,109,109,135,136,"I have been unemployed for a few months now, and I am struggling to find a job with ok salary. I have had no luck until now and I am getting many rejection emails from employer/recruiter without providing me with feedback",895,1,0,0,0,0,0,0,0,0,0
110,110,110,110,110,110,110,110,110,110,136,137,I was planning a trip to my nearest city and found out all the bus stops and routes had been changed so I needed to learn all the new stops and times ,962,0,0,0,0,0,0,0,0,0,0
111,111,111,111,111,111,111,111,111,111,137,138,"We are currently expecting our first baby and found out yesterday that he is not breech like suspected, so we can continue with a natural birth. This is both positive and daunting at the same time as we dont have long to prepare!",1031,1,0,0,0,0,0,0,0,0,0
112,112,112,112,112,112,112,112,112,112,138,139,I have just been accepted for a new role within my company. I was nervous to find the outcome but am ecstatic at the response and Job offer,1109,1,0,0,0,0,0,0,0,0,0
113,113,113,113,113,113,113,113,113,113,139,140,I have just been told I am getting some work which will bring some money in after I have had a shopping spree (from being stressed). This means I can earn back some money ,1095,0,0,0,0,0,0,0,0,0,0
114,114,114,114,114,114,114,114,114,114,140,141,New job start date delayed by 2 weeks so have not been working and finding it difficult not having any purpose.,965,2,0,0,0,0,0,0,0,0,0
115,115,115,115,115,115,115,115,115,115,141,142,Rent was raised a significant amount and feel bad that I cant help my parents pay for it at the moment,940,1,0,0,0,0,0,0,0,0,0
116,116,116,116,116,116,116,116,116,116,142,143,my mum is going into hospital to find out if the bleed on her brain is spred and therefore fatal,891,1,0,0,0,0,0,0,0,0,0
117,117,117,117,117,117,117,117,117,117,143,144,Going through a really rough patch with my partner and a depressive episode,890,0,0,0,0,0,0,0,0,0,0
118,118,118,118,118,118,118,118,118,118,144,145,"Was anxious about getting a new car, but found out today it's all going through as planned",1050,0,0,0,0,0,0,0,0,0,0
119,119,119,119,119,119,119,119,119,119,146,147,When I was called to perform as a front chair violinist in an orchestral ,1055,0,0,0,0,0,0,0,0,0,0
120,120,120,120,120,120,120,120,120,120,147,148,"My grandma passed away (in Portugal), and I've just come back to the uk having left my mom now alone back home",859,1,0,0,0,0,0,0,0,0,0
121,121,121,121,121,121,121,121,121,121,148,149,let someone down. they were given incorrect information and today i told them the information was wrong and it's upset them,949,3,0,0,0,0,0,0,0,0,0
122,122,122,122,122,122,122,122,122,122,150,151,Sexual harassment claim at work and the guy was not found to have done wrong even though the case was up held,875,0,0,0,0,0,0,0,0,0,0
123,123,123,123,123,123,123,123,123,123,151,152,job interview which went quite well,1067,0,0,0,0,0,0,0,0,0,0
124,124,124,124,124,124,124,124,124,124,152,153,"Sudden problem with the flat, if I don't solve the situation in 1 month, I will have to move out",918,2,0,0,0,0,0,0,0,0,0
125,125,125,125,125,125,125,125,125,125,153,154,My birthday,982,0,0,0,0,0,0,0,0,0,0
126,126,126,126,126,126,126,126,126,126,154,155,Moving house and dealing with the stress of packing,859,1,0,0,0,0,0,0,0,0,0
127,127,127,127,127,127,127,127,127,127,157,158,The genocide in Gaza,916,3,0,0,0,0,0,0,0,0,0
128,128,128,128,128,128,128,128,128,128,158,159,finished my last uni exam after 2 weeks of a lot of revision,1052,0,0,0,0,0,0,0,0,0,0
129,129,129,129,129,129,129,129,129,129,159,160,Got a good grade on an assignment I thought went badly,1072,0,0,0,0,0,0,0,0,0,0
130,130,130,130,130,130,130,130,130,130,161,162,I went on my first ever first date which I was very nervous for. It went well on the day but now I'm overthinking whether I want to continue seeing this person or not.,936,1,0,0,0,0,0,0,0,0,0
131,131,131,131,131,131,131,131,131,131,162,163,I got a second stage interview for a job I am keen on going for.,1141,1,0,0,0,0,0,0,0,0,0
132,132,132,132,132,132,132,132,132,132,163,164,Had a car engine problem at the middle of a highway and I'm currently feeling unwell,892,0,0,0,0,0,0,0,0,0,0
133,133,133,133,133,133,133,133,133,133,164,165,My best friend got a job promotion and called me to say so.,1074,2,0,0,0,0,0,0,0,0,0
134,134,134,134,134,134,134,134,134,134,166,167,"Living situation compromised with guests, for whom I have no care for staying in the same house. Soon they will leave but they have been here longer than they should have.",902,0,0,0,0,0,0,0,0,0,0
135,135,135,135,135,135,135,135,135,135,167,168,"Positive changes in my life coming into effect, like work, money, creative projects",1112,1,0,0,0,0,0,0,0,0,0
136,136,136,136,136,136,136,136,136,136,168,169,"At work as a social worker we have to help people move on, so not in job description I cleared a house - very hard .",1055,2,0,0,0,0,0,0,0,0,0
137,137,137,137,137,137,137,137,137,137,169,170,Going on a night out and drinking.,1030,0,0,0,0,0,0,0,0,0,0
138,138,138,138,138,138,138,138,138,138,170,171,My manager at work who i really got on with resigned,951,1,0,0,0,0,0,0,0,0,0
139,139,139,139,139,139,139,139,139,139,171,172,"Abusive co-worker taking advantage of me, taking credit for my work and is sabotaging my completed work/controlling resources i need to do my work. ",912,0,0,0,0,0,0,0,0,0,0
140,140,140,140,140,140,140,140,140,140,172,173,Son got bit by a flea so there's the worry his mother will not allow him to come round the next time I'm due to have him.,920,1,0,0,0,0,0,0,0,0,0
141,141,141,141,141,141,141,141,141,141,173,174,A legal matter,930,0,0,0,0,0,0,0,0,0,0
142,142,142,142,142,142,142,142,142,142,174,175,Viewed a potential property but the pecks weren't as great,1042,0,0,0,0,0,0,0,0,0,0
143,143,143,143,143,143,143,143,143,143,176,177,I broke my finger playing sport,934,1,0,0,0,0,0,0,0,0,0
144,144,144,144,144,144,144,144,144,144,177,178,A surprised family visit ,1059,1,0,0,0,0,0,0,0,0,0
145,145,145,145,145,145,145,145,145,145,178,179,reconnecting with family member which was stressful but a nice surprise too. Its been on my mind for a long time so im glad it happened but its a lot to process ,1076,1,0,0,0,0,0,0,0,0,0
146,146,146,146,146,146,146,146,146,146,179,180,It was a job contract I was bidding for. I was surprised to get feedback 2 days ago because I thought it wouldn't be given to me since it was over 1 month since I bid for the contract.,1141,1,0,0,0,0,0,0,0,0,0
147,147,147,147,147,147,147,147,147,147,180,181,Trying to apply for a mortgage but having to jump over lots of hurdles to get to this point and so it is a relief when things start moving along again,1052,1,0,0,0,0,0,0,0,0,0
148,148,148,148,148,148,148,148,148,148,181,182,found out ive got a deadline in a few hours,930,0,0,0,0,0,0,0,0,0,0
149,149,149,149,149,149,149,149,149,149,182,183,Just bumped into two friends after dropping off my son at nursery. had a nice little humorous catch up,1087,0,0,0,0,0,0,0,0,0,0
150,150,150,150,150,150,150,150,150,150,183,184,I am in a relationship which is impacting my mood.,1025,0,0,0,0,0,0,0,0,0,0
151,151,151,151,151,151,151,151,151,151,184,185,I did not realise that i agreed to work an overtime shift,983,1,0,0,0,0,0,0,0,0,0
152,152,152,152,152,152,152,152,152,152,186,187,a boy I loved told me we can never see each other in person again,859,1,0,0,0,0,0,0,0,0,0
153,153,153,153,153,153,153,153,153,153,187,188,I lost money. I was going to use the money to move to Canada for my studies.,875,0,0,0,0,0,0,0,0,0,0
154,154,154,154,154,154,154,154,154,154,188,189,My grandad was taken to hospital with pre heart attack symptoms and a faulty pace maker which will need to be changed ,875,0,0,0,0,0,0,0,0,0,0
155,155,155,155,155,155,155,155,155,155,189,190,worrying about debts,942,0,0,0,0,0,0,0,0,0,0
156,156,156,156,156,156,156,156,156,156,190,191,adverse financial troubles,875,0,0,0,0,0,0,0,0,0,0
157,157,157,157,157,157,157,157,157,157,191,192,Losing my job.,875,0,0,0,0,0,0,0,0,0,0
158,158,158,158,158,158,158,158,158,158,193,194,I was expecting some amount of money from my brother. he then sent it yesterday which lightened up my mood.,1125,0,0,0,0,0,0,0,0,0,0
159,159,159,159,159,159,159,159,159,159,194,195,Partner had a serious health problem ,891,1,0,0,0,0,0,0,0,0,0
160,160,160,160,160,160,160,160,160,160,195,196,"I found out yesterday that my grandad really isn't well and has gone into hospital, my gran rang me yesterday in tears & told me I needed to see him before he passes away.",955,0,0,0,0,0,0,0,0,0,0
161,161,161,161,161,161,161,161,161,161,196,197,I found out that an event I am looking forward to attending might not be going ahead,940,0,0,0,0,0,0,0,0,0,0
162,162,162,162,162,162,162,162,162,162,197,198,"I received an unjust complaint from my manager, to which I respond accordingly and they have since not decided to respond",935,0,0,0,0,0,0,0,0,0,0
163,163,163,163,163,163,163,163,163,163,198,199,"I have been told after being informed previously that I would get childcare for free, but now have been told I will get a bill for the next 3 months and have to pay the full amount. When I cannot financially afford to do so",828,3,0,0,0,0,0,0,0,0,0
164,164,164,164,164,164,164,164,164,164,199,200,"Right now I am feeling significantly sad, I just received a message from my wife that she has been relieved of her job. This has completely soured my day",886,1,0,0,0,0,0,0,0,0,0
165,165,165,165,165,165,165,165,165,165,200,201,it was a work related incident and my boss was a bit disappointed in me ,1105,1,0,0,0,0,0,0,0,0,0
166,166,166,166,166,166,166,166,166,166,201,202,Passing of a grandparent,876,1,0,0,0,0,0,0,0,0,0
167,167,167,167,167,167,167,167,167,167,202,203,"I recently started working and not happy with my job, also struggling with issues related to my home and other small inconveniences happening which I cannot tolerate.",949,1,0,0,0,0,0,0,0,0,0
168,168,168,168,168,168,168,168,168,168,203,204,There was an unfortunate unpleasant accident with one of my machines with no insurance policy. Now I have lost the machine due to the high damage caused by the incident.,1117,0,0,0,0,0,0,0,0,0,0
169,169,169,169,169,169,169,169,169,169,204,205,My teenage brother got diagnosed with chronic myeloid leukaemia ,888,3,0,0,0,0,0,0,0,0,0
170,170,170,170,170,170,170,170,170,170,205,206,My wife recently lost her job and I am finding it very difficult to provide the needs of my family,882,0,0,0,0,0,0,0,0,0,0
171,171,171,171,171,171,171,171,171,171,206,207,"Someone I care about surprisingly said something awful about me. I confided in her about everything. I didn't expect her to stab me in the back, but I guess people change.",932,0,0,0,0,0,0,0,0,0,0
172,172,172,172,172,172,172,172,172,172,207,208,Issues around my job's contract and not knowing whether I will have a job or not.,997,1,0,0,0,0,0,0,0,0,0
173,173,173,173,173,173,173,173,173,173,209,210,The results of my performance came out and I did extremely well.,1087,0,0,0,0,0,0,0,0,0,0
174,174,174,174,174,174,174,174,174,174,210,211,I found another woman's clothes in my boyfriend's bag and don't know whose they are or where they came from,1000,2,0,0,0,0,0,0,0,0,0
175,175,175,175,175,175,175,175,175,175,211,212,a break up in my relationship,949,1,0,0,0,0,0,0,0,0,0
176,176,176,176,176,176,176,176,176,176,212,213,unexpectedly saw some traumatic and graphic images of people,938,1,0,0,0,0,0,0,0,0,0
177,177,177,177,177,177,177,177,177,177,213,214,"Having the urge to bet on this match to try and make a little bit of money, because it's been a hard month. But I lost the bet",882,0,0,0,0,0,0,0,0,0,0
178,178,178,178,178,178,178,178,178,178,214,215,Feeling calm.,1072,0,0,0,0,0,0,0,0,0,0
179,179,179,179,179,179,179,179,179,179,215,216,"When the exam, is on the time limit, there is so much stress then ",1110,0,0,0,0,0,0,0,0,0,0
180,180,180,180,180,180,180,180,180,180,216,217,I had a little argument with my manager that I felt was quite hostile for how small the issue was,917,0,0,0,0,0,0,0,0,0,0
181,181,181,181,181,181,181,181,181,181,217,218,"I was off sick from work, my manager has seen me streaming on a social media app in my freetime after my supposed working hours",935,0,0,0,0,0,0,0,0,0,0
182,182,182,182,182,182,182,182,182,182,220,221,"I had an uncomfortable and negative experience involving consumption of alcohol at a friend's party. I was anxious, overwhelmed and tearful. I woke up with a horrible hangover that ruined my mood the whole next day, and added to my general health anxiety",970,0,0,0,0,0,0,0,0,0,0
183,183,183,183,183,183,183,183,183,183,221,222,death; cheating,859,1,0,0,0,0,0,0,0,0,0
184,184,184,184,184,184,184,184,184,184,222,223,Drank alcohol last night for the first time in a month ,1085,0,0,0,0,0,0,0,0,0,0
185,185,185,185,185,185,185,185,185,185,223,224,Period,932,0,0,0,0,0,0,0,0,0,0
186,186,186,186,186,186,186,186,186,186,224,225,It is my workload at work and not being able to cope with it. I am expected to do too much and take on too much of other people's trauma (I am a therapist). I am severely burned out and have been for a while. ,937,0,0,0,0,0,0,0,0,0,0
187,187,187,187,187,187,187,187,187,187,225,226,"I have been ill with bad flu and am just starting to recover today. It has meant that I have called in sick to work and I already feel worthless and undervalued within my team. I can never deliver my work in the timeframes expected and due to this, I am very unmotivated in what I do. I worry that other people will do my work whilst im away and i'll fall even further behind and everyone at work will think badly of me",942,0,0,0,0,0,0,0,0,0,0
188,188,188,188,188,188,188,188,188,188,226,227,my boyfriend briefly broke up with me,875,0,0,0,0,0,0,0,0,0,0
189,189,189,189,189,189,189,189,189,189,227,228,significant illness of close family member,910,0,0,0,0,0,0,0,0,0,0
190,190,190,190,190,190,190,190,190,190,228,229,"I made a call to check how a placement was arranged, what time I needed to be working for etc, however I was expected to have received an email which I hadn't and they also were not aware when I was to be on placement.",972,0,0,0,0,0,0,0,0,0,0
191,191,191,191,191,191,191,191,191,191,229,230,"A few days ago, my babe was heartbroken and as a result of this, we've been not been connecting as we use to. But on getting home a few minutes ago, i called her and I'm in the process of talking with her over the phone. I feel so elevated and happy from within because my baby is back to being herself and happy.",1109,1,0,0,0,0,0,0,0,0,0
192,192,192,192,192,192,192,192,192,192,230,231,I found out that I would be made redundant and have to start looking for a new job or accept a lower paying position.,927,0,0,0,0,0,0,0,0,0,0
193,193,193,193,193,193,193,193,193,193,231,232,Dog got put down,908,1,0,0,0,0,0,0,0,0,0
194,194,194,194,194,194,194,194,194,194,232,233,"I had a lovely date with a girl I love. She came over to my place, and I made lunch; burgers and chips, and they were absolutely delicious. We talked, cracked jokes, and then I gave her a full-body massage. The date ended with mindblowing sex, culminating in multiple orgasms for us both. We cuddled after and hung out for a bit. We've become even closer ever since, and I think I'm gonna marry her.",1011,2,0,0,0,0,0,0,0,0,0
195,195,195,195,195,195,195,195,195,195,233,234,House fire,895,0,0,0,0,0,0,0,0,0,0
196,196,196,196,196,196,196,196,196,196,234,235,The work I am working on is not going as planned and I have to make adjustments on it which generated lots of worries,940,0,0,0,0,0,0,0,0,0,0
197,197,197,197,197,197,197,197,197,197,235,236,Nearly getting into a car accident whilst driving home ,977,1,0,0,0,0,0,0,0,0,0
198,198,198,198,198,198,198,198,198,198,236,237,My awkwardness and feeling overwhelmed when around a large group of people. I go very quiet and just feel anxious the whole time. I always then think about it when these situations happened and wish I wasnt like that and it plays on my mind constantly. ,917,0,0,0,0,0,0,0,0,0,0
199,199,199,199,199,199,199,199,199,199,237,238,Ending a job on bad terms and fearful of the repercussions,962,0,0,0,0,0,0,0,0,0,0
200,200,200,200,200,200,200,200,200,200,238,239,I have to do an application for university to be able to carry out research and it is making me nervous as I feel like I do not know what I am doing.,930,0,0,0,0,0,0,0,0,0,0
201,201,201,201,201,201,201,201,201,201,239,240,thinking about the safety of my woman,1090,0,0,0,0,0,0,0,0,0,0
202,202,202,202,202,202,202,202,202,202,240,241,I was told by an event organiser how I was no longer able to attend social events with friends despite being part of this group for many years. ,925,0,0,0,0,0,0,0,0,0,0
203,203,203,203,203,203,203,203,203,203,241,242,Chronic health issues - was in hospital for a period of time - off work as a result ,940,0,0,0,0,0,0,0,0,0,0
204,204,204,204,204,204,204,204,204,204,244,245,I woke up to a broken screen on my mobile phone. I felt bad because I slept on the phone. I feel good now though,1070,0,0,0,0,0,0,0,0,0,0
205,205,205,205,205,205,205,205,205,205,245,246,We went away on holiday and my husband was slightly abusive ,875,0,0,0,0,0,0,0,0,0,0
206,206,206,206,206,206,206,206,206,206,246,247,work making over 100 people redundant,875,0,0,0,0,0,0,0,0,0,0
207,207,207,207,207,207,207,207,207,207,247,248,Bad meeting at work,953,1,0,0,0,0,0,0,0,0,0
208,208,208,208,208,208,208,208,208,208,248,249,A disagreement at work with a colleague that is causing issues for the department,890,2,0,0,0,0,0,0,0,0,0
209,209,209,209,209,209,209,209,209,209,249,250,I have to get my books sorted to get my tax return done. It has to be today.,917,0,0,0,0,0,0,0,0,0,0
210,210,210,210,210,210,210,210,210,210,250,251,I am currently expecting my first child,1109,1,0,0,0,0,0,0,0,0,0
211,211,211,211,211,211,211,211,211,211,251,252,doctors appointment where was told I had run out of treatment options,922,0,0,0,0,0,0,0,0,0,0
212,212,212,212,212,212,212,212,212,212,252,253,"My guy friend who I was getting close with died of an overdose, he was found alongside the body of his other friend. I was the last to see him alive.",859,1,0,0,0,0,0,0,0,0,0
213,213,213,213,213,213,213,213,213,213,253,254,medical concerns (stomach issues),900,1,0,0,0,0,0,0,0,0,0
214,214,214,214,214,214,214,214,214,214,254,255,I am currently writing my dissertation and that is causing me a lot of mental duress and stress.,920,0,0,0,0,0,0,0,0,0,0
215,215,215,215,215,215,215,215,215,215,256,257,A chance at a personal endeavour that I could turn into a career if I work towards it,1067,0,0,0,0,0,0,0,0,0,0
216,216,216,216,216,216,216,216,216,216,257,258,I won a lot of money on a casino free spin,1037,0,0,0,0,0,0,0,0,0,0
217,217,217,217,217,217,217,217,217,217,258,259,Had a really bad argument with my partner and my mom and dad.,958,1,0,0,0,0,0,0,0,0,0
218,218,218,218,218,218,218,218,218,218,259,260,I got drunk and had fun,1065,0,0,0,0,0,0,0,0,0,0
219,219,219,219,219,219,219,219,219,219,261,262,possibly losing job,945,0,0,0,0,0,0,0,0,0,0
220,220,220,220,220,220,220,220,220,220,262,263,My uncle passed away last night.,891,1,0,0,0,0,0,0,0,0,0
221,221,221,221,221,221,221,221,221,221,263,264,diagnosis of cancer for close relative,947,0,0,0,0,0,0,0,0,0,0
222,222,222,222,222,222,222,222,222,222,264,265,death of pet dog,930,0,0,0,0,0,0,0,0,0,0
223,223,223,223,223,223,223,223,223,223,265,266,I got a bad grade on an essay,972,0,0,0,0,0,0,0,0,0,0
224,224,224,224,224,224,224,224,224,224,269,270,I had new work to do yesterday and I performed so poorly.,927,0,0,0,0,0,0,0,0,0,0
225,225,225,225,225,225,225,225,225,225,270,271,Severe pain around my body which is making me feel frustrated and I've been lashing out at others because of it.,911,1,0,0,0,0,0,0,0,0,0
226,226,226,226,226,226,226,226,226,226,271,272,"we lost my partners dad, we knew he was ill but we never knew how quickly this would happen",875,0,0,0,0,0,0,0,0,0,0
227,227,227,227,227,227,227,227,227,227,272,273,"My period cramps are extremely painful making me unable to get out of bed, cook food, shower, or go to class.",931,3,0,0,0,0,0,0,0,0,0
228,228,228,228,228,228,228,228,228,228,274,275,Had to get rid of a dog ,923,2,0,0,0,0,0,0,0,0,0
229,229,229,229,229,229,229,229,229,229,275,276,Receiving a warrant for debt owed.,875,0,0,0,0,0,0,0,0,0,0
230,230,230,230,230,230,230,230,230,230,277,278,I got a new car,1124,2,0,0,0,0,0,0,0,0,0
231,231,231,231,231,231,231,231,231,231,278,279,I was told by a source of income that they would not be allowing me to earn as much money from them.,940,0,0,0,0,0,0,0,0,0,0
232,232,232,232,232,232,232,232,232,232,279,280,Friend attempted suicide,875,0,0,0,0,0,0,0,0,0,0
233,233,233,233,233,233,233,233,233,233,281,282,A workout and a walk outside,1070,0,0,0,0,0,0,0,0,0,0
234,234,234,234,234,234,234,234,234,234,282,283,"It's my birthday today, so I was anticipating receiving messages from loved ones today, which has made me feel wonderful and loved.",1034,1,0,0,0,0,0,0,0,0,0
235,235,235,235,235,235,235,235,235,235,283,284,financial issues. self employed in the film industry and the work is slower than it should be.,895,0,0,0,0,0,0,0,0,0,0
236,236,236,236,236,236,236,236,236,236,284,285,toddler tantrums,875,0,0,0,0,0,0,0,0,0,0
237,237,237,237,237,237,237,237,237,237,285,286,Birthday of a sibling,1072,0,0,0,0,0,0,0,0,0,0
238,238,238,238,238,238,238,238,238,238,286,287,Lecture of an annoying teacher.,949,1,0,0,0,0,0,0,0,0,0
239,239,239,239,239,239,239,239,239,239,287,288,"work colleagues were very grinding and really bringing my mood down, and I am still feeling aggravated by them today. Their attitude has not improved overnight and it is frustrating and exhausting that they are taking their issues out on me, when there is very little I can do about it.",935,0,0,0,0,0,0,0,0,0,0
240,240,240,240,240,240,240,240,240,240,288,289,found out some upsetting information about a former partner,932,0,0,0,0,0,0,0,0,0,0
241,241,241,241,241,241,241,241,241,241,290,291,My grandmother passing away,915,0,0,0,0,0,0,0,0,0,0
242,242,242,242,242,242,242,242,242,242,291,292,My vehicle got severely damaged due to a storm and local council is responsible for that however they don't take any responsibility and as a result I will have to pay for all the damages with the funds I do not have,891,1,0,0,0,0,0,0,0,0,0
243,243,243,243,243,243,243,243,243,243,293,294,Sudden illness,972,0,0,0,0,0,0,0,0,0,0
244,244,244,244,244,244,244,244,244,244,294,295,I signed up to do an extra shift at work today but I have a lot of uni work to do so I feel anxious about going into work and wasting time I could be studying,972,0,0,0,0,0,0,0,0,0,0
245,245,245,245,245,245,245,245,245,245,295,296,Some friends completely forgot about my birthday. They didn't send me a message and didnt write in my card.,875,0,0,0,0,0,0,0,0,0,0
246,246,246,246,246,246,246,246,246,246,296,297,Financial and relationship troubles,875,0,0,0,0,0,0,0,0,0,0
247,247,247,247,247,247,247,247,247,247,297,298,I was paid for a job i did,1070,0,0,0,0,0,0,0,0,0,0
248,248,248,248,248,248,248,248,248,248,298,299,Being offered a new job which I will have to move for.,994,1,0,0,0,0,0,0,0,0,0
249,249,249,249,249,249,249,249,249,249,299,300,Travel vaccinations - I have a phobia of needles,928,2,0,0,0,0,0,0,0,0,0
250,250,250,250,250,250,250,250,250,250,300,301,Was abandoned by a friend,932,0,0,0,0,0,0,0,0,0,0
251,251,251,251,251,251,251,251,251,251,303,304,I went out with my friends ,1110,0,0,0,0,0,0,0,0,0,0
252,252,252,252,252,252,252,252,252,252,305,306,My health isn't great. Went to A&E thinking I was having a heart attack now I've been diagnosed with Thoracic Outlet Syndrome and I've been in pain for over 2 months.,891,1,0,0,0,0,0,0,0,0,0
253,253,253,253,253,253,253,253,253,253,307,308,"Went out with aunt and cousins to go pickup her car, then ate out, lovely way to start a day especially when I have not got out of bed before 12pm and today i was up at 9am",1080,0,0,0,0,0,0,0,0,0,0
254,254,254,254,254,254,254,254,254,254,309,310,My partner moving to a different country,938,1,0,0,0,0,0,0,0,0,0
255,255,255,255,255,255,255,255,255,255,310,311,"I intended starting the year with a new energy, feeling motivated and pumped. But sadly somethings just kept happening and they are overwhelming, from getting laid off from work to my daughter falling ill today.",897,0,0,0,0,0,0,0,0,0,0
256,256,256,256,256,256,256,256,256,256,311,312,I matched with someone on hinge and now we are talking and its going really well,1092,0,0,0,0,0,0,0,0,0,0
257,257,257,257,257,257,257,257,257,257,312,313,Somebody very dear to me being sectioned due to worries about the state of their mental health,905,0,0,0,0,0,0,0,0,0,0
258,258,258,258,258,258,258,258,258,258,314,315,me and my boyfriend had an argument ,875,0,0,0,0,0,0,0,0,0,0
259,259,259,259,259,259,259,259,259,259,315,316,family court proceedings with husband who I fled from due to Domestic Violence,910,0,0,0,0,0,0,0,0,0,0
260,260,260,260,260,260,260,260,260,260,316,317,"my boyfriend proposed to me two days ago it was the most amazing feeling ,because I love him very much and cant wait to spend the rest of my life with him",1100,0,0,0,0,0,0,0,0,0,0
261,261,261,261,261,261,261,261,261,261,318,319,"It was a beautiful gift from a dear friend that is very close to my heart, he literally sent me a beautiful note and that means a whole lot.",1112,0,0,0,0,0,0,0,0,0,0
262,262,262,262,262,262,262,262,262,262,319,320,Dog is currently undergoing surgery - I am feeling scared and anxious.,955,0,0,0,0,0,0,0,0,0,0
263,263,263,263,263,263,263,263,263,263,320,321,I have had to pay £345 to write up my masters thesis as my deadline I was told that I wouldn't be ready to submit and my supervisors wouldn't allow me to. so now I am stressed about continuing for a few more months and other bills that are coming out in 10 days. ,963,2,0,0,0,0,0,0,0,0,0
264,264,264,264,264,264,264,264,264,264,321,322,Finding out I had cancer.,875,0,0,0,0,0,0,0,0,0,0
265,265,265,265,265,265,265,265,265,265,322,323,"Had a very large argument with a family member that turned into two days of arguing, although it has now been resolved, I still feel very negative.",875,0,0,0,0,0,0,0,0,0,0
266,266,266,266,266,266,266,266,266,266,323,324,Family trouble,955,0,0,0,0,0,0,0,0,0,0
267,267,267,267,267,267,267,267,267,267,324,325,I am feeling anxious about an interview i had 2 days ago and i have to complete a task for them within the week,1011,1,0,0,0,0,0,0,0,0,0
268,268,268,268,268,268,268,268,268,268,325,326,Relative diagnosed with terminal illness.,875,0,0,0,0,0,0,0,0,0,0
269,269,269,269,269,269,269,269,269,269,326,327,A person really important and close to me passed away.,922,0,0,0,0,0,0,0,0,0,0
270,270,270,270,270,270,270,270,270,270,327,328,failed a medical test for a new job I had been offered and was hoping to have started by now,910,0,0,0,0,0,0,0,0,0,0
271,271,271,271,271,271,271,271,271,271,328,329,I misplaced my wallet with my debit cards in them and haven't been able to locate it.,952,0,0,0,0,0,0,0,0,0,0
272,272,272,272,272,272,272,272,272,272,329,330,My partner lost his job. I am off of work due to a long-term health condition and so we are struggling a lot financially to the point that I don't think we can cover our bills this month - let alone buy food ,920,0,0,0,0,0,0,0,0,0,0
273,273,273,273,273,273,273,273,273,273,330,331,I have woken up feeling quite ill ,950,0,0,0,0,0,0,0,0,0,0
274,274,274,274,274,274,274,274,274,274,331,332,Work slowed down significantly and I have been struggling with finances.,899,2,0,0,0,0,0,0,0,0,0
275,275,275,275,275,275,275,275,275,275,332,333,A big falling out / row with my partner of 9 years.,932,0,0,0,0,0,0,0,0,0,0
276,276,276,276,276,276,276,276,276,276,333,334,a surprise fine,910,0,0,0,0,0,0,0,0,0,0
277,277,277,277,277,277,277,277,277,277,334,335,I had an interview for a Masters course at university,1060,0,0,0,0,0,0,0,0,0,0
278,278,278,278,278,278,278,278,278,278,336,337,"Work related event - I work as a software engineer, and have been informed that part of the system doesn't work - and so it's likely I'll have to stay late to finish the work and get it up and running.",937,0,0,0,0,0,0,0,0,0,0
279,279,279,279,279,279,279,279,279,279,337,338,My ex girlfriend messaged to say thankyou for everything I did for her. ,937,0,0,0,0,0,0,0,0,0,0
280,280,280,280,280,280,280,280,280,280,338,339,Im anxious about my health and i have a job tomorrow i need to be ok for,950,0,0,0,0,0,0,0,0,0,0
281,281,281,281,281,281,281,281,281,281,339,340,I have had tonsillitis for the past three days! ,920,0,0,0,0,0,0,0,0,0,0
282,282,282,282,282,282,282,282,282,282,341,342,"To me, as a stressy anxious person, any event can significantly affect my mood. A flea medication caused a reaction in my cat, causing him to lose a load of fur from licking and scratching, and caused sores. This was going on for over a week where I was incredibly stressed. Now I'm on the comedown from that, and he's still overgrooming himself and losing fur, although the sores have gone thank goodness. I'm taking him to the vet later today and I hate doing that as well. ",932,0,0,0,0,0,0,0,0,0,0
283,283,283,283,283,283,283,283,283,283,343,344,"Buying a house, the stress of not being the most handy person in the world and not having the support to get me to that level",922,0,0,0,0,0,0,0,0,0,0
284,284,284,284,284,284,284,284,284,284,344,345,"26 weeks into an unplanned pregnancy, am very happy to be pregnant but due to it being a surprise, it has come at a time where there is so much to organise and there is a lot of anxiety/chronic stress for the past several months.",927,0,0,0,0,0,0,0,0,0,0
285,285,285,285,285,285,285,285,285,285,345,346,We found out that we are having a baby,1067,0,0,0,0,0,0,0,0,0,0
286,286,286,286,286,286,286,286,286,286,346,347,I just feel like i keep making mistakes that end up hurting others. it's not my intention,962,0,0,0,0,0,0,0,0,0,0
287,287,287,287,287,287,287,287,287,287,347,348,An assignment that is due for completion later today that I am behind on,947,0,0,0,0,0,0,0,0,0,0
288,288,288,288,288,288,288,288,288,288,348,349,My birthday,1102,0,0,0,0,0,0,0,0,0,0
289,289,289,289,289,289,289,289,289,289,349,350,A good nights sleep and no nightmares or sleep paralysis effecting me for the first time in a while,1080,0,0,0,0,0,0,0,0,0,0
290,290,290,290,290,290,290,290,290,290,352,353,Broken foot cannot attend gym,882,0,0,0,0,0,0,0,0,0,0
291,291,291,291,291,291,291,291,291,291,353,354,"I'm in an inbetween phase, where I am unsure if I will be proceeding with my relationship with my fiancé or not",965,0,0,0,0,0,0,0,0,0,0
292,292,292,292,292,292,292,292,292,292,354,355,Moving house - I didn't really want to move but I felt I didn't have a choice,950,0,0,0,0,0,0,0,0,0,0
293,293,293,293,293,293,293,293,293,293,355,356,Decided to set the date for our wedding,1125,0,0,0,0,0,0,0,0,0,0
294,294,294,294,294,294,294,294,294,294,356,357,I found out that an old friend does not have much time left to live. ,935,2,0,0,0,0,0,0,0,0,0
295,295,295,295,295,295,295,295,295,295,357,358,"In my job, I have gotten used to working on reception. They have now asked me to nurse to do implants and i know nothing about implants!",900,0,0,0,0,0,0,0,0,0,0
296,296,296,296,296,296,296,296,296,296,358,359,I have an exam next week and I failed to focus myself to revise yesterday when I have limited time left. ,1043,1,0,0,0,0,0,0,0,0,0
297,297,297,297,297,297,297,297,297,297,359,360,"there are a multitude of factors affecting my mood, i suspect im probably very depressed ",892,0,0,0,0,0,0,0,0,0,0
298,298,298,298,298,298,298,298,298,298,360,361,Could be pregnant,972,0,0,0,0,0,0,0,0,0,0
299,299,299,299,299,299,299,299,299,299,361,362,something has eased the money troubles i was having,1035,2,0,0,0,0,0,0,0,0,0
300,300,300,300,300,300,300,300,300,300,362,363,Essentially it boils down to receiving a grade for a coursework I had completed not too long ago that I was quite proud of - however the mark I got did not reflect how well I did. ,924,1,0,0,0,0,0,0,0,0,0
301,301,301,301,301,301,301,301,301,301,363,364,a simple play date where my child was so happy and played so well.,1125,0,0,0,0,0,0,0,0,0,0
302,302,302,302,302,302,302,302,302,302,365,366,Fight with boyfriend's sister,907,0,0,0,0,0,0,0,0,0,0
303,303,303,303,303,303,303,303,303,303,366,367,Heating broke in the house so now need to pay money to fix it,977,0,0,0,0,0,0,0,0,0,0
304,304,304,304,304,304,304,304,304,304,367,368,I was made redundant from my job.,905,0,0,0,0,0,0,0,0,0,0
305,305,305,305,305,305,305,305,305,305,368,369,I did my final medical exams and I am now waiting to find out the result which will determine my future career,957,0,0,0,0,0,0,0,0,0,0
306,306,306,306,306,306,306,306,306,306,370,371,My brother was intensely attacked with a hockey stick by one of our very rich neighbours. All my brother did was ask them to slow down as they almost hit his dog with their car. This man assaults people with hockey sticks and threatened to kill our whole family while my infant son was asleep in the house. The man was released on bail not even 24 hours after and we live in this house in fear everyday.,952,0,0,0,0,0,0,0,0,0,0
307,307,307,307,307,307,307,307,307,307,371,372,I had to go and visit a family member who isn't very well. ,1067,1,0,0,0,0,0,0,0,0,0
308,308,308,308,308,308,308,308,308,308,372,373,"Emergency spinal surgery, following the surprise onset of incomplete cauda equina syndrone ",875,0,0,0,0,0,0,0,0,0,0
309,309,309,309,309,309,309,309,309,309,373,374,The fact that I've procrastinated the large part of the day and haven't done nearly enough work yesterday,985,0,0,0,0,0,0,0,0,0,0
310,310,310,310,310,310,310,310,310,310,374,375,my colleague at work quit (we are only a team of 2 people so now it is only me),900,0,0,0,0,0,0,0,0,0,0
311,311,311,311,311,311,311,311,311,311,375,376,I just feel exhausted and have a lot of work to do which is currently affecting my mood,982,0,0,0,0,0,0,0,0,0,0
312,312,312,312,312,312,312,312,312,312,376,377,I have a chest infection and could feel it coming on.,937,1,0,0,0,0,0,0,0,0,0
313,313,313,313,313,313,313,313,313,313,378,379,I feel unwell ,967,1,0,0,0,0,0,0,0,0,0
314,314,314,314,314,314,314,314,314,314,379,380,"I have missed a deadline and only remembered this morning, and im a bit gutted.",1080,0,0,0,0,0,0,0,0,0,0
315,315,315,315,315,315,315,315,315,315,380,381,Financial situation and cost of living crisis,890,2,0,0,0,0,0,0,0,0,0
316,316,316,316,316,316,316,316,316,316,381,382,I'm trying to sell my property but have had no interest and will miss out on the house we hope to purchase. ,972,0,0,0,0,0,0,0,0,0,0
317,317,317,317,317,317,317,317,317,317,382,383,i received an interview invitation for a job I applied to,1121,2,0,0,0,0,0,0,0,0,0
318,318,318,318,318,318,318,318,318,318,384,385,"I refused to do the dishes that my mum and brother created and this caused an argument between me and my mum, whereby my brother didn't say a thing.",869,1,0,0,0,0,0,0,0,0,0
319,319,319,319,319,319,319,319,319,319,385,386,I had a lecture and a really important meeting to attend today however i overslept and now i am in bed without knowing what to do,919,1,0,0,0,0,0,0,0,0,0
320,320,320,320,320,320,320,320,320,320,386,387,University deadlines,941,1,0,0,0,0,0,0,0,0,0
321,321,321,321,321,321,321,321,321,321,387,388,It was my son's first overnight contact with his abusive dad.,891,1,0,0,0,0,0,0,0,0,0
322,322,322,322,322,322,322,322,322,322,389,390,Waiting to hear back from a job interview,992,0,0,0,0,0,0,0,0,0,0
323,323,323,323,323,323,323,323,323,323,390,391,My partner and I just got last minute tickets to see John Mayer tonight and I am very excited! ,1065,0,0,0,0,0,0,0,0,0,0
324,324,324,324,324,324,324,324,324,324,391,392,My horse has hurt her foot and she needs to stay in her stable due to it. She is stressing due to having to stay inside. I worry if she will be ok.,965,0,0,0,0,0,0,0,0,0,0
325,325,325,325,325,325,325,325,325,325,393,394,a private sensitive medical matter ,905,0,0,0,0,0,0,0,0,0,0
326,326,326,326,326,326,326,326,326,326,394,395,"I went into an unarranged overdraft with my bank, meaning that I am more than £2000 in debt to them.",881,1,0,0,0,0,0,0,0,0,0
327,327,327,327,327,327,327,327,327,327,396,397,"Being given a surprise afternoon off work, allowing me to relax",1095,0,0,0,0,0,0,0,0,0,0
328,328,328,328,328,328,328,328,328,328,397,398,Possibility of being cheated on by my partner but not being sure or having facts to confirm that it in fact has happened.,881,1,0,0,0,0,0,0,0,0,0
329,329,329,329,329,329,329,329,329,329,398,399,I was assaulted at work ,904,1,0,0,0,0,0,0,0,0,0
330,330,330,330,330,330,330,330,330,330,399,400,My manager messaged me with a warning about my performance. I had previously been told they had no concerns about my performance just 3 weeks ago so I was blindsided.,915,0,0,0,0,0,0,0,0,0,0
331,331,331,331,331,331,331,331,331,331,400,401,"I have always been anxious around my family, whose explosions can impact my mental health. A large domestic argument left my siblings and mother crying, my younger sister traumatised and me feeling numb ",882,0,0,0,0,0,0,0,0,0,0
332,332,332,332,332,332,332,332,332,332,401,402,Excitement and discernment regarding financial stuff.,1065,0,0,0,0,0,0,0,0,0,0
333,333,333,333,333,333,333,333,333,333,402,403,I found out that a friend of a friend is missing,932,0,0,0,0,0,0,0,0,0,0
334,334,334,334,334,334,334,334,334,334,403,404,i owe some bills totalling £327.00 it's annoying as i have not raised the money yet but will do so but still annoying,875,0,0,0,0,0,0,0,0,0,0
335,335,335,335,335,335,335,335,335,335,404,405,"At work, I recently received positive feedback from my boss on a project I was working on. Their appreciation for my dedication and contribution boosts my confidence and makes me feel appreciated. This positive reception also generated comfortable feedback, which motivated me to continue delivering high quality work.",1109,1,0,0,0,0,0,0,0,0,0
336,336,336,336,336,336,336,336,336,336,405,406,My family have been homeless for a while and today they finally got a house out of the blue. The council messed us about for over 5 years and finally the day came and I am over the moon. ,1125,0,0,0,0,0,0,0,0,0,0
337,337,337,337,337,337,337,337,337,337,406,407,I received some money,1125,0,0,0,0,0,0,0,0,0,0
338,338,338,338,338,338,338,338,338,338,407,408,Today is my birthday so overall my feelings are more positive than any other day.,1100,1,0,0,0,0,0,0,0,0,0
339,339,339,339,339,339,339,339,339,339,408,409,Mother cheating on my father; Me splitting with my partner of 2 years recently; Housemates getting physically abusive; ,875,0,0,0,0,0,0,0,0,0,0
340,340,340,340,340,340,340,340,340,340,409,410,"My sister's partner split up with her and she is in the process of moving in with me, I've spent the whole week with her and I'm feeling so sad for her and exhausted",925,0,0,0,0,0,0,0,0,0,0
341,341,341,341,341,341,341,341,341,341,410,411,I am in the process of significant life changes and have a lot that needs to be done. The paperwork and effort involved is very overwhelming and some things that are upcoming are extremely nerve-wracking. ,902,1,0,0,0,0,0,0,0,0,0
342,342,342,342,342,342,342,342,342,342,412,413,someone asking for work on a project i was supposed to be on but i was randomly withdrawn from it,932,0,0,0,0,0,0,0,0,0,0
343,343,343,343,343,343,343,343,343,343,413,414,My university cancelled a slot I had to complete a given task for my assignment was cancelled.,921,1,0,0,0,0,0,0,0,0,0
344,344,344,344,344,344,344,344,344,344,414,415,"We've booked a holiday to Orlando. Although this is exciting, I'm nervous financially. I also found out I was accepted on a course which I had lost hope of hearing back about ",1085,0,0,0,0,0,0,0,0,0,0
345,345,345,345,345,345,345,345,345,345,415,416,Divorce,967,0,0,0,0,0,0,0,0,0,0
346,346,346,346,346,346,346,346,346,346,416,417,I went to a cheer competition this weekend and didn't win and my teammates really mean to me.,941,1,0,0,0,0,0,0,0,0,0
347,347,347,347,347,347,347,347,347,347,418,419,Performance exam for music ,945,0,0,0,0,0,0,0,0,0,0
348,348,348,348,348,348,348,348,348,348,419,420,a previous abusive relationship that I am processing/healing from.,906,1,0,0,0,0,0,0,0,0,0
349,349,349,349,349,349,349,349,349,349,421,422,Finding out my best friend was going to move to vietnam to be a digital nomad for a year. I don't have any other friends near me.,965,1,0,0,0,0,0,0,0,0,0
350,350,350,350,350,350,350,350,350,350,423,424,My friend turned on me and was jealous at my girlfriend for staying with me instead of him and he never said anything until a few days ago,1030,0,0,0,0,0,0,0,0,0,0
351,351,351,351,351,351,351,351,351,351,424,425,"a confrontation with my father that led me to calling the police on him, yet here we are in the same house and the tension is even worse.",875,0,0,0,0,0,0,0,0,0,0
352,352,352,352,352,352,352,352,352,352,425,426,A friend of mine was arrested for something rather shocking.,942,0,0,0,0,0,0,0,0,0,0
353,353,353,353,353,353,353,353,353,353,426,427,I was given a longer sick leave by the doctor than I expected and had to let my team know that I wouldn't be back to work and feel like I am letting them down cause they will be short staffed and struggle to find cover for even longer. ,932,1,0,0,0,0,0,0,0,0,0
354,354,354,354,354,354,354,354,354,354,427,428,being told i could be losing my job soon,1052,0,0,0,0,0,0,0,0,0,0
355,355,355,355,355,355,355,355,355,355,428,429,Just a lot of stressful uni work that i'm in the middle of right now,972,0,0,0,0,0,0,0,0,0,0
356,356,356,356,356,356,356,356,356,356,430,431,rejection of requests at work ,919,1,0,0,0,0,0,0,0,0,0
357,357,357,357,357,357,357,357,357,357,431,432,I had a tough meeting at work about an hour ago that i knew was coming up but it was as difficult as i expected it and has been negatively affected me since.  ,910,0,0,0,0,0,0,0,0,0,0
358,358,358,358,358,358,358,358,358,358,432,433,My grandfather was injured in an accident,940,0,0,0,0,0,0,0,0,0,0
359,359,359,359,359,359,359,359,359,359,433,434,"It was a complete restructure of our department at work which resulted in negative workflows, extra responsibilities and lost morale. ",965,0,0,0,0,0,0,0,0,0,0
360,360,360,360,360,360,360,360,360,360,434,435,Money troubles found out was in credit card debt,935,0,0,0,0,0,0,0,0,0,0
361,361,361,361,361,361,361,361,361,361,435,436,getting a new car,1067,0,0,0,0,0,0,0,0,0,0
362,362,362,362,362,362,362,362,362,362,436,437,Tricky day at work having to have difficult conversations with colleagues about errors they had done or improvements to be made. Has made me feel more tired and fed up today but nothing else major,962,0,0,0,0,0,0,0,0,0,0
